name,dirname,date
PrologPathFinder,PrologPathFinder,2023-03-07 23:55:00
PrologWordFind,PrologWordFind,2023-03-11 23:55:00
PrologNLP (Part 1),PrologNLP,2023-03-14 23:55:00
PrologNLP (Part 2),PrologNLP,2023-03-18 23:55:00
Rust1,Rust1,2023-03-23 23:55:00
Rust2,Rust2,2023-03-24 23:55:00
RustWebserver (Part 1),RustWebserver,2023-03-28 23:55:00
RustWebserver (Part 2),RustWebserver,2023-03-31 23:55:00
HaskellHighOrder,HaskellHighOrder,2023-04-04 23:55:00
HaskellADTAndTypeclasses,HaskellADTAndTypeclasses,2023-04-07 23:55:00
HaskellPong,HaskellPong,2023-04-07 23:55:01
HaskellVideoGame (Part 1),HaskellVideoGame,2023-04-18 23:55:00
HaskellVideoGame (Part 1),HaskellVideoGame,2023-04-20 23:55:00
Final Project Proposal,FinalProject,2023-04-25 23:55:00
Final Project Demo,FinalProject,2023-05-19 09:00:00
Smalltalk Minesweeper,SmalltalkMinesweeper,2023-04-29 23:55:00
Lua Inheritance,LuaInheritance,2023-05-04 23:55:00
Student Language Activity Grade Submissions,,2023-05-19 23:55:00
